difficulty,block_number,nonce,hash,attempts,mining_time
2,1,132,0017865db000827341dbb89bbcf5fed62ff486c42b00676640e03b5fc7043ef3,133,0.00010619999375194311
2,2,182,00ec1997a78208e49a51b9f288f04be80da6d23b831ade8f5317ae3f7f1a3d30,183,0.00012049998622387648
2,3,140,009cf1628ecf59a711bb7935a2dcff12056560932d7c5811bb7262f3d0a67070,141,9.61000332608819e-05
2,4,54,007c3ee4b4f3385bf5b77f2a26aab59c83424c131b176c3adc82470053904916,55,3.790005575865507e-05
2,5,56,0015f7a82a4fc04ffa645dcfff0ee77278d1be8ddaea43850dd734dc79638da9,57,3.830005880445242e-05
2,6,24,0034d818ca16373d82aca4cabe533082de56a8d3c89ead41e50d580ba4f29fc9,25,1.719989813864231e-05
2,7,263,001da9bdf2504495ba1359de27e2dc5e5f6baaceaa713375d74ce2c6dea98425,264,0.0001716000260785222
2,8,7,004293ed0d453bf7d49c6767342de4a03f247f7c5f8ee106a52869fb61d017f0,8,1.1299969628453255e-05
2,9,182,0017b4b1d93ab41475a10bdc8d4f0fb479833312be692a63185b1fb43ef11e36,183,0.00012780004180967808
2,10,383,00f6a24807776ecbc516ea4d3d2132b695f0aa062093e4e746a1832003e90415,384,0.0002664000494405627
2,11,96,0048f771e51c5860994e749b02a1acc84a7bd2b39e3c69c18f67560f97b25901,97,6.590003613382578e-05
2,12,175,00a00574d9265d1a6e3ca27067c943f63b7613efafb7f67e355534ffafe66ca2,176,0.00012600002810359
2,13,55,00710ad6a2f0f713f869aa87b221493ce8a2c4e1656536cea4e089c22b30aefc,56,4.160008393228054e-05
2,14,110,0011124c9cba6777630d727464e5d43d518baf494ef5ff8182e7d245464f1a77,111,7.639999967068434e-05
2,15,295,00159160a80e8a51cfe2bfa79b3ca792529fde11b5f6397070285f21540e33a3,296,0.00025969999842345715
2,16,350,009060e7c33ee1ae3d37b5cb6e6a6c0318a0b1841f8a6e50e576a9e04c2fbf87,351,0.00024610001128166914
2,17,452,0010d0e57eec27f1b4dafe48b069d26f1868d8daf4e1a223e9985b79d9b30cfe,453,0.0002960000419989228
2,18,8,0053fb0e82a14207a6692590c54340f3e09afd3d6892c90e6775135fd296cc82,9,6.6999346017837524e-06
2,19,307,00cbbae61fc7b196230bdf12b10cd9c489dc4844a30272b9bebcd16aca40ebd6,308,0.00020329991821199656
2,20,485,00afb0754a9e18445d2aa1692c360ac2518328a03f4a20902dd0fb4466a8d2ac,486,0.0003171000862494111
2,21,92,003a93dd7b96892ca02daa7be1707677f6b96275e374976e643efb00031a8a45,93,6.140000186860561e-05
2,22,155,00dc4c822d7f06f5da8b81c2302a2613b6efa1be35f0f1d3adae4d7aff1facb9,156,0.00010199996177107096
2,23,131,00a6a734572b32fa726ee6285468a31802935ac6e7dc18b54b0bbaa7c42e752b,132,8.979998528957367e-05
2,24,138,009a596ff998901702645f231b418194b127344f9f9a399dcead18c75476da77,139,9.339989628642797e-05
2,25,258,0002d1d669a2b9411969da99f127f726e4e8663018c2decd6cf4c6550b254ee9,259,0.00016679998952895403
2,26,382,00feab1b567b9ac2778d16965b4706fafffa250e4698a88854e71eab22a3fa02,383,0.00024830002803355455
2,27,83,002184555f865104d9923a9a1a82cd479e2303c45a776a1ef444baca7179c2ae,84,5.9699988923966885e-05
2,28,345,00e94eb77f9b1405cffc6c25bd0aee78a0bdd91b0a5b7b074cffcf755ebad2f1,346,0.00022460008040070534
2,29,43,009e1666d00c853c489c73ddd7ca71ae28bc8c1438f2fa03aacb305471a69d8a,44,2.8999987989664078e-05
2,30,114,00389d561cacf20452a1071ca2f1ad3145266e2e4ec6a5e25bb6cd1c57536bcf,115,7.449998520314693e-05
3,1,4563,00018a9a2c82b3c8e51f7bfc4ae81b633d2381540a756b0224412034986fc3a1,4564,0.0030617000302299857
3,2,4624,000b86c2083a3062f4b1427a843172eae365d06678da59ed45ffd5f4be5d7adc,4625,0.003057299996726215
3,3,2380,000fc669f74ac7fcdb6126c96bea221d638c837e5ae06018109f14d0c670ae46,2381,0.0015934000257402658
3,4,5443,000a88ebe4f17ef24d7cae954090dc233ea9e15eee3b9478951bb8dd8dfe79e2,5444,0.0036491999635472894
3,5,12082,000635c2446cb84147d6eb25141311a351e34b1149277c68ef3b065e22a1b32e,12083,0.0077327999752014875
3,6,1075,0008ee914b51113c64dbd9d284263a16660e64c4eada90dcb73d07ba6ea58bf5,1076,0.0006777000380679965
3,7,2671,000f3222acfa07d555bec7a6747f68c9457b58c9d07469034165317fae4a7104,2672,0.00168009998742491
3,8,6228,0009fe978757db84bd2c3cbf816e0ef0473fd302cc35c387866f21f4c9ddec29,6229,0.003886000020429492
3,9,5911,000b8ee9623ce5c5cbd2415e2ad68d1ede74fd7516865941a90b31d3f53f2619,5912,0.003853500005789101
3,10,9559,0001b2bf8be33a01e44cba45ba5429a0d783e6d8c2aa2197863370ae34638acd,9560,0.006098399986512959
3,11,11579,000c357c6b0c29a005d2eb6eeae7502ef18606f347a956086be26b61363050b4,11580,0.007286900072358549
3,12,1453,000354938e7eb325016bcf6d91ad80b299838b1732f58c66fd374ffac7fdf825,1454,0.001014100038446486
3,13,5370,000258adde6bc19859b911ad4feee94b98633bc954fe4c85013464054d3237c8,5371,0.0034176999470219016
3,14,1149,000d661f2d114ff5addbefdf890ca101db44f88ff414a8265892787b305ba513,1150,0.0007421999471262097
3,15,1811,000f56b9c977387b08700002f1c5ee22614795b91d8bda7dfcd83b56ab72e61b,1812,0.0012027999619022012
3,16,2049,000fd11c902593edef25f2548cb13d04272839f69d616409f3b5cdc0d1014976,2050,0.0013096999609842896
3,17,2775,00095aeedfacf7807778e62c50f724d89de52c5d6b4889ebe9870c1f8880011a,2776,0.0018991000251844525
3,18,1597,000c721c2f949d2976208f07e2cbfd702c8e7a596c5f428665e13c6f46ed7aad,1598,0.000998400035314262
3,19,1263,0005a507d25b70bbbe3b7821b480614f55a6d5798f24943212eed2e2fdb277f0,1264,0.0007975999033078551
3,20,2545,000fc7ff3214038baccabceaa95151934ed6bbba86039e96f68d358a18269581,2546,0.0034021000610664487
3,21,2445,000f270538340f21c689e619f131cefe1596ad21016980b72c0d3440d068451e,2446,0.002053300035186112
3,22,11563,0000c66d18923fd5d7b74058800e5d9578165a0688d92dc6f37fe3ff53fe100d,11564,0.0098289999878034
3,23,4977,00065460d971feddcd8725bab3e6f32a69b9763bb8db44b060c0c0e5e095fe35,4978,0.004707299987785518
3,24,19134,000c1e8e38d62f5c9587728ab06e9ba82a4d3b0f008faba7dc99654521d407a2,19135,0.01282930001616478
3,25,258,0002d1d669a2b9411969da99f127f726e4e8663018c2decd6cf4c6550b254ee9,259,0.00016759999562054873
3,26,3874,000c3497b52c5920a5f85fc179440fbe8acf2e077920bc4bcecdcf84dd2f815f,3875,0.0025646999711170793
3,27,2470,0006453d070bcd0339c95c8f8a4e33abcfce0a53a39262b8ae1eea52ffc54624,2471,0.0015745999990031123
3,28,2226,00043b160cdd02a1eced32497383fefa798a1aa4ab8bdf050c29301ecc58753a,2227,0.0014390000142157078
3,29,13178,000bb2b828325a7a73e15e9c26382d004d0c18863d1a18897caa0ed071e57f8c,13179,0.008766099927015603
3,30,3063,000b60cb735eea5d972bdc128121d64176899c90184181510fec1e10d861fb91,3064,0.0020336000015959144
4,1,46696,00009ead6b486823f709119cb242a011364d098358f5f483861fe133f195c7ff,46697,0.029627099982462823
4,2,30764,0000dd5c96f37fff9bccd7e4c8073e25e923c8fde194bc924b6fe0219aa30a2f,30765,0.01951709995046258
4,3,55201,00001fccb01ebe91be415c6a3078d2a2c5f9c9247db268a1e5e8c1455ce49587,55202,0.035154599929228425
4,4,51358,0000416c8394959bf5e28cabc743b54ceb4917d206b4d2b7526c161cff5d815b,51359,0.032787500065751374
4,5,64689,0000150a5c8820676b239a20daf9992b4ab282eed28c5d21a4ec75fd2b63ec3a,64690,0.040745100006461143
4,6,11623,0000e05491b3dbea884ac46c8a520c3af177e7052694b140aaeff25c70b99ea9,11624,0.007192599936388433
4,7,98127,000027194db58107fce02b43ec76cc31cb1e5a73a48daf581cedfb613b9e89c1,98128,0.06124359997920692
4,8,105557,00009ac4a6fe0393703aa7fc985fac51ed5e89127d15ca13026ec7720a490b1f,105558,0.06531019997783005
4,9,96541,0000ef1adde46140680381f9ae54148ede917e89da855b140f84ecf0ef944f66,96542,0.05984400003217161
4,10,64201,0000e82778624b6c94e3ca54412662790b3ad0b5e0c6bb8b69e3ea0942d9775b,64202,0.04103099997155368
4,11,21938,00005e53da572ca1e414ba8c649f06adb69f0a4a90e2b020c6086cd13cbabe17,21939,0.013909799978137016
4,12,18361,00003180012503a394fdc8429ef878efed7e5d578b15175fe390fcfda5b6ec69,18362,0.012180900084786117
4,13,114321,00000a7622c5672a5de5c24d974ce1e7e26143286bfac7b8e8f659344963acd1,114322,0.07085750007536262
4,14,8202,0000f1d2990b85ab32ec1ff928c61b04bf1f8d753c09d1fdb4733ee8958ebad4,8203,0.005156699917279184
4,15,10275,0000812c3bbdc00f95fd489832f1c8a79ef741c7e53c88763b4356a97db1928a,10276,0.00661260006017983
4,16,94868,000047161302d11ed532b58bce2afbbe77ae76881347ce83b25bd238adfb2b95,94869,0.058773200027644634
4,17,15579,00008d9614b94649f9688a3fbff8e9ccd1ed5dce2c1a4668479d804a4fa30a23,15580,0.010304700001142919
4,18,11245,0000330724d4fa5c8336b0644747ef7f676879abd680624d28588b215567ed13,11246,0.007234400021843612
4,19,54114,00007ca54ecdca46063a657ea998f9b03d749750607d5643226f6978cba5d337,54115,0.03481580002699047
4,20,23699,00009637479e6edb92d4ff05c3776f60847941b9539bfca60f7bda0ba59be4a8,23700,0.01552430004812777
4,21,296296,00001427b6ccee330210f6fc1e2e253d56eb092375ed5a829fab0d613fa81630,296297,0.18507690005935729
4,22,11563,0000c66d18923fd5d7b74058800e5d9578165a0688d92dc6f37fe3ff53fe100d,11564,0.007287499960511923
4,23,56398,0000e810ef0ce2ca9a4f9de89207b173571e2b5c59a1e5c8f68e295b2ea6c4a1,56399,0.03539760003332049
4,24,131836,000021676d836ef4f21eb6cfc2961d082f5fecfd1767be6cc94a4f014912d0d6,131837,0.0814265999943018
4,25,46802,0000f9e5144d1e3d161d864bf6a1cdbc272e16061b6c7cc6da293e482415304a,46803,0.02908840007148683
4,26,154445,00003a275e2d63188d6bd87d69688903ce61c8eb6780ee47c320856108450a79,154446,0.09582549997139722
4,27,10332,0000a7f688f75c3d0f3194578a019d0c5a6a8c47dcaf92987e7db13952266fd9,10333,0.006356099969707429
4,28,99483,000063813fae474da9cf50369b7eb32d7af60d2ea8fba386ef30b7a744d38c72,99484,0.061577900080010295
4,29,89887,000026f6f560904705e43aaf45da5d84d9dd809fc66fd93b3d0eb66aaadb36f7,89888,0.05834310001228005
4,30,133447,000044a0bed9d18cdff073e4db0f8836221742742f32cc1f345c232e20aeb064,133448,0.08618500002194196
5,1,2767169,0000068d45292b0b70fb4d5dbe481affd9db8bed2ddf6c8a42be5ee5c19dbed4,2767170,1.7387448999797925
5,2,309820,00000813cc5c6a7b1e2d40a5ae37c64a8a7266dbc5a31b1c6d08b30d976f745a,309821,0.19284220004919916
5,3,713540,000004820bcd963f1a854417e3e84061820053b4a7180f597626c74f62dfa291,713541,0.44947629992384464
5,4,3018296,000008458c67d7eb8b940b7abaef811b72f74ea8de007a1f1a88520345614d70,3018297,1.8743888000026345
5,5,673220,0000091fb138adc4a9192dae00000cefc214559d23794b09c893bce37a1e777c,673221,0.4207412999821827
5,6,1253361,00000de28ea285ed0ee50477a936dbf5c2fef2ac306811757414c7723d392e2a,1253362,0.7735044000437483
5,7,250079,00000a16a2cd0266fd5920d07aa535e121892b664772397eb14879d39bdbe025,250080,0.1562946999911219
5,8,503861,00000a201aae6d86e991dbf5d84ebc4c75bea9e590853dde2d13e70ad4b80d35,503862,0.30876960000023246
5,9,108323,00000af9c4198d8a76db2cb39b884c97a23c2aa97e888a10c13377c9e67aa90a,108324,0.07756959996186197
5,10,1463454,00000c1590ed14b941cac74161a33e34d75c2a254a17f695233a4f9f237a8ef6,1463455,0.902054600068368
5,11,501752,00000e13b4ee323a74a1a7d844d01eab1c4b02a7eea37a5d80bd80ffd5ad5d83,501753,0.3107932999264449
5,12,558898,00000609a549eb50be2b3b2d5bb9895bd030513005fa9413969e062def9dc91b,558899,0.3444940000772476
5,13,114321,00000a7622c5672a5de5c24d974ce1e7e26143286bfac7b8e8f659344963acd1,114322,0.07279480004217476
5,14,269445,00000ecc2c766f783198f086793c3cf9099a241853dbdc4d64775cb03fc5db7c,269446,0.16973920003511012
5,15,208974,00000eb692f10fd0424b65aa94049e034e66b40c8edb25cf0b4794d02e08fce8,208975,0.13107240002136678
5,16,1166765,0000033a782a4e36e1360ac7b7fd053b34643d5a4a97333e1bcfb5bbed504d09,1166766,0.7379544000141323
5,17,3270623,00000a93495bf32c2ccb0f924787882944566a76f2e0acd1cb7312bd8907af44,3270624,2.0626548000145704
5,18,47982,000000e7ad1c83a845c2b93e8196d60f3b5916f21d8d3ec4ae442a3bc319093e,47983,0.029984099906869233
5,19,110894,00000b58341f72db2ea38254c9e5c07772713b90e054152b76f77f9bc349764b,110895,0.06959279999136925
5,20,628933,00000630593ef5672abd43b88b5c2a0042acef9fdc2fa0148880a06f344646a0,628934,0.39086070004850626
5,21,1080470,000008b693994d96cb62fed264c2937e2e1646bbd6fe7f191b10d75a4a7d93fb,1080471,0.6919242000440136
5,22,1508130,0000002e5fd298f936e21df14f6eb8eb976de6111b56ab560b7902eb12a3d9fb,1508131,1.0023902000393718
5,23,2508441,00000f711741fa31b1ceba0d2d537aa6a912f8e0b6a77b268dafa559560305fd,2508442,1.5956578999757767
5,24,481703,0000050c534fd17c9214db2dea5032e55345c323a20c4a079eed70765de53769,481704,0.3248341999715194
5,25,3033366,0000078affb6b843f13af78ee161e3fa7f78b3c5cc2453d0f211d1de25acea16,3033367,1.9569582000840455
5,26,866838,000006a0b1a1f90a7bb6fa2a6d887bc67cbf27743610bd97955f54f62610655a,866839,0.5468258999753743
5,27,199236,0000033f72e44b03ea621066917c0d142badf7e8280e325eab0aa41155ee80a2,199237,0.12756369996350259
5,28,1171303,00000f8ce1bafaa43e01d966c01f4d7d15f3bafd762653260aa51c5e4a2771d2,1171304,0.7404461998958141
5,29,1245593,00000a5178b6326f549f9e91be07252e9a65ecb34d2dbd26fa96e16d39cc2c19,1245594,0.7894661000464112
5,30,307874,00000d95b85a93916d52513201e5799d06976b37a1b4a3f34ca25eae53cc0a16,307875,0.19215050002094358
